# CXI calibration benchmark (snapshot 2026-10-06). lang	name	url	commit
rust	axum	https://github.com/tokio-rs/axum	9f1226db155f4ae15a86a806f2560dbb874a4238
rust	bat	https://github.com/sharkdp/bat	4608fc959aa8abf80d32198836511a570b7ae9ea
rust	clap	https://github.com/clap-rs/clap	4be56132cf7a5ef6e237409a13225a5829cb24e4
rust	crossbeam	https://github.com/crossbeam-rs/crossbeam	099d0469efcfacb32527bd9451a4fb62586ae537
rust	fd	https://github.com/sharkdp/fd	14dcd92fb76ca0ebc2e82671a275f67c790d25fc
rust	hyper	https://github.com/hyperium/hyper	254bf1271bf4385edd743316ca7c508b3c77d6cb
rust	json	https://github.com/serde-rs/json	afdf6fc67247dd7fa4fcde1381e6ecc6bcc7a30e
rust	log	https://github.com/rust-lang/log	27e3cf7a021dab43430a70cb2909c06ca8141f79
rust	rayon	https://github.com/rayon-rs/rayon	ee0a00bdb1ab039e178a215ad5712fb7fa58e58f
rust	regex	https://github.com/rust-lang/regex	72d650cb0a880a01ab6dc2137c0888e8f89740f7
rust	reqwest	https://github.com/seanmonstar/reqwest	2230ed3945fb2908692b88dad1dcd06db9fb2ca6
rust	ripgrep	https://github.com/BurntSushi/ripgrep	3fce3b5bb0236da2df6d99672afb8a719642eca7
rust	rustls	https://github.com/rustls/rustls	7adcf1041018e358747c1ebf25432e9a2272bba8
rust	serde	https://github.com/serde-rs/serde	6693a89cca77e0151437da1c7f890090b9ebf04c
rust	tokio	https://github.com/tokio-rs/tokio	b2636752450484955e7ad334bac678424d51bc4a
rust	tracing	https://github.com/tokio-rs/tracing	d9d4c542de10f5d3a711b7a45ffe450fd0666437
python	attrs	https://github.com/python-attrs/attrs	644b4e165bfbeee7e127de6fcbda08b64014316f
python	black	https://github.com/psf/black	a3cb9e123ceab4f0fcab4980dd6c5f9439646794
python	click	https://github.com/pallets/click	2247b35ea1c47c727d7a06e51fa280e12a863ff6
python	flask	https://github.com/pallets/flask	d73fa1cdcbd8b1465c151db8924ba58b1dd14e35
python	httpx	https://github.com/encode/httpx	b5addb64f0161ff6bfe94c124ef76f6a1fba5254
python	jinja	https://github.com/pallets/jinja	5ef70112a1ff19c05324ff889dd30405b1002044
python	requests	https://github.com/psf/requests	611c6162cbc4ac2020a2f91c7cfa4f3abf9bbb60
python	rich	https://github.com/Textualize/rich	9d8f9a372cc5916fd4781fec207ced7ddac2f08f
js	axios	https://github.com/axios/axios	2b169bbb0cf67e6539e4cec222ced5ac8a923e00
js	commander.js	https://github.com/tj/commander.js	ba6d13ddb4243e5913367734f8c159089ffe7834
js	express	https://github.com/expressjs/express	7ef98448f8b38099ab1ded55e458538ad47a51e7
js	got	https://github.com/sindresorhus/got	e1d87d2ced01d5b7d855a7dc8b091bf7b014a1e4
js	pino	https://github.com/pinojs/pino	b29dbe97820630e7128e464c50263b427965ec99
js	trpc	https://github.com/trpc/trpc	d756e591a5e37ef20b8d75ecd4d736c195497289
js	vite	https://github.com/vitejs/vite	fea5b21dd9524ed7308632407b996f1fe5942c9c
js	zod	https://github.com/colinhacks/zod	0b216ef674e297ebe41d8bf902262e56f8755822
